-- Türler (Genre) tablosuna veri ekleme
INSERT INTO genre (id, created_at, updated_at, name, description) VALUES
                                                                      (gen_random_uuid(), NOW(), NOW(), 'Fiction', 'Fictional stories.'),
                                                                      (gen_random_uuid(), NOW(), NOW(), 'Science Fiction', 'Stories involving science and technology.'),
                                                                      (gen_random_uuid(), NOW(), NOW(), 'History', 'Non-fiction about past events'),
                                                                      (gen_random_uuid(), NOW(), NOW(), 'Biography', 'Non-fiction about a person''s life.'),
                                                                      (gen_random_uuid(), NOW(), NOW(), 'Mystery', 'Stories involving a puzzling crime.'),
                                                                      (gen_random_uuid(), NOW(), NOW(), 'Fantasy', 'Stories with magical or supernatural elements.'),
                                                                      (gen_random_uuid(), NOW(), NOW(), 'Romance', 'Stories focusing on romantic relationships.'),
                                                                      (gen_random_uuid(), NOW(), NOW(), 'Horror', 'Stories intended to frighten or disturb.'),
                                                                      (gen_random_uuid(), NOW(), NOW(), 'Thriller', 'Stories characterized by suspense and excitement.'),
                                                                      (gen_random_uuid(), NOW(), NOW(), 'Poetry', 'Literary works using aesthetic and rhythmic qualities of language.'),
                                                                      (gen_random_uuid(), NOW(), NOW(), 'Self-Help', 'Books intended to help readers solve personal problems.'),
                                                                      (gen_random_uuid(), NOW(), NOW(), 'Travel', 'Books about places and experiences around the world.'),
                                                                      (gen_random_uuid(), NOW(), NOW(), 'Science', 'Non-fiction about scientific discoveries and principles.'),
                                                                      (gen_random_uuid(), NOW(), NOW(), 'Philosophy', 'Books dealing with general and fundamental problems.'),
                                                                      (gen_random_uuid(), NOW(), NOW(), 'Psychology', 'Books about the science of mind and behavior.'),
                                                                      (gen_random_uuid(), NOW(), NOW(), 'Art', 'Books about visual arts, performing arts, and artists.'),
                                                                      (gen_random_uuid(), NOW(), NOW(), 'Cookbook', 'Books containing recipes and cooking techniques.'),
                                                                      (gen_random_uuid(), NOW(), NOW(), 'Children', 'Books written for young readers.'),
                                                                      (gen_random_uuid(), NOW(), NOW(), 'Young Adult', 'Books aimed at teenagers and young adults.'),
                                                                      (gen_random_uuid(), NOW(), NOW(), 'Memoir', 'A historical account based on personal knowledge.');

-- Yazarlar (Author) tablosuna veri ekleme
INSERT INTO author (id, created_at, updated_at, first_name, last_name, "date-of-birth") VALUES
                                                                                            (gen_random_uuid(), NOW(), NOW(), 'Isaac', 'Asimov', '1920-01-02'),
                                                                                            (gen_random_uuid(), NOW(), NOW(), 'Agatha', 'Christie', '1890-09-15'),
                                                                                            (gen_random_uuid(), NOW(), NOW(), 'J.R.R.', 'Tolkien', '1892-01-03'),
                                                                                            (gen_random_uuid(), NOW(), NOW(), 'Jane', 'Austen', '1775-12-16'),
                                                                                            (gen_random_uuid(), NOW(), NOW(), 'Stephen', 'King', '1947-09-21'),
                                                                                            (gen_random_uuid(), NOW(), NOW(), 'Virginia', 'Woolf', '1882-01-25'),
                                                                                            (gen_random_uuid(), NOW(), NOW(), 'George', 'Orwell', '1903-06-25'),
                                                                                            (gen_random_uuid(), NOW(), NOW(), 'Gabriel García', 'Márquez', '1927-03-06'),
                                                                                            (gen_random_uuid(), NOW(), NOW(), 'Haruki', 'Murakami', '1949-01-12'),
                                                                                            (gen_random_uuid(), NOW(), NOW(), 'Toni', 'Morrison', '1931-02-18'),
                                                                                            (gen_random_uuid(), NOW(), NOW(), 'J.K.', 'Rowling', '1965-07-31'),
                                                                                            (gen_random_uuid(), NOW(), NOW(), 'Ernest', 'Hemingway', '1899-07-21'),
                                                                                            (gen_random_uuid(), NOW(), NOW(), 'Leo', 'Tolstoy', '1828-09-09'),
                                                                                            (gen_random_uuid(), NOW(), NOW(), 'Franz', 'Kafka', '1883-07-03'),
                                                                                            (gen_random_uuid(), NOW(), NOW(), 'Fyodor', 'Dostoevsky', '1821-11-11'),
                                                                                            (gen_random_uuid(), NOW(), NOW(), 'Mark', 'Twain', '1835-11-30'),
                                                                                            (gen_random_uuid(), NOW(), NOW(), 'Charles', 'Dickens', '1812-02-07'),
                                                                                            (gen_random_uuid(), NOW(), NOW(), 'Albert', 'Camus', '1913-11-07'),
                                                                                            (gen_random_uuid(), NOW(), NOW(), 'Orhan', 'Pamuk', '1952-06-07'),
                                                                                            (gen_random_uuid(), NOW(), NOW(), 'Margaret', 'Atwood', '1939-11-18'),
                                                                                            (gen_random_uuid(), NOW(), NOW(), 'Neil', 'Gaiman', '1960-11-10'),
                                                                                            (gen_random_uuid(), NOW(), NOW(), 'Dan', 'Brown', '1964-06-22'),
                                                                                            (gen_random_uuid(), NOW(), NOW(), 'Yuval Noah', 'Harari', '1976-02-24'),
                                                                                            (gen_random_uuid(), NOW(), NOW(), 'Elif', 'Şafak', '1971-10-25');

-- Kitaplar (Book) tablosuna veri ekleme
INSERT INTO book (id, created_at, updated_at, title, isbn, status, page, publication_date) VALUES
                                                                                               (gen_random_uuid(), NOW(), NOW(), 'Foundation', '9780385732957', 'ACTIVE', 256, '1951-06-01'),
                                                                                               (gen_random_uuid(), NOW(), NOW(), 'Pride and Prejudice', '9780141439518', 'ACTIVE', 279, '1813-01-28'),
                                                                                               (gen_random_uuid(), NOW(), NOW(), 'The Lord of the Rings', '9780547928227', 'ACTIVE', 1178, '1954-07-29'),
                                                                                               (gen_random_uuid(), NOW(), NOW(), 'Murder on the Orient Express', '9780007192056', 'ACTIVE', 256, '1934-01-01'),
                                                                                               (gen_random_uuid(), NOW(), NOW(), 'It', '9781128561731', 'ACTIVE', 1138, '1986-09-15'),
                                                                                               (gen_random_uuid(), NOW(), NOW(), 'The Shining', '9780307743657', 'ACTIVE', 447, '1977-01-28'),
                                                                                               (gen_random_uuid(), NOW(), NOW(), 'To the Lighthouse', '9780156907392', 'ACTIVE', 209, '1927-05-05'),
                                                                                               (gen_random_uuid(), NOW(), NOW(), '1984', '9780451524935', 'ACTIVE', 328, '1949-06-08'),
                                                                                               (gen_random_uuid(), NOW(), NOW(), 'One Hundred Years of Solitude', '9780060883287', 'ACTIVE', 417, '1967-05-30'),
                                                                                               (gen_random_uuid(), NOW(), NOW(), 'Norwegian Wood', '9780375704024', 'ACTIVE', 296, '1987-09-04'),
                                                                                               (gen_random_uuid(), NOW(), NOW(), 'Beloved', '9781400033416', 'ACTIVE', 321, '1987-09-16'),
                                                                                               (gen_random_uuid(), NOW(), NOW(), 'Harry Potter and the Philosopher''s Stone', '9780747532743', 'ACTIVE', 223, '1997-06-26'),
                                                                                               (gen_random_uuid(), NOW(), NOW(), 'The Old Man and the Sea', '9780684801223', 'ACTIVE', 127, '1952-09-01'),
                                                                                               (gen_random_uuid(), NOW(), NOW(), 'War and Peace', '9781400079988', 'ACTIVE', 1296, '1869-01-01'),
                                                                                               (gen_random_uuid(), NOW(), NOW(), 'The Metamorphosis', '9780553213690', 'ACTIVE', 201, '1915-10-15'),
                                                                                               (gen_random_uuid(), NOW(), NOW(), 'Crime and Punishment', '9780486415871', 'ACTIVE', 430, '1866-01-01'),
                                                                                               (gen_random_uuid(), NOW(), NOW(), 'The Adventures of Huckleberry Finn', '9780486280615', 'ACTIVE', 224, '1884-12-10'),
                                                                                               (gen_random_uuid(), NOW(), NOW(), 'Great Expectations', '9780141439563', 'ACTIVE', 505, '1861-08-01'),
                                                                                               (gen_random_uuid(), NOW(), NOW(), 'The Stranger', '9780679720201', 'ACTIVE', 123, '1942-01-01'),
                                                                                               (gen_random_uuid(), NOW(), NOW(), 'My Name is Red', '9780375706851', 'ACTIVE', 417, '1998-11-01'),
                                                                                               (gen_random_uuid(), NOW(), NOW(), 'The Handmaid''s Tale', '9780385490818', 'ACTIVE', 311, '1985-06-01'),
                                                                                               (gen_random_uuid(), NOW(), NOW(), 'American Gods', '9780380789030', 'ACTIVE', 635, '2001-06-19'),
                                                                                               (gen_random_uuid(), NOW(), NOW(), 'The Da Vinci Code', '9780307474278', 'ACTIVE', 489, '2003-03-18'),
                                                                                               (gen_random_uuid(), NOW(), NOW(), 'Sapiens: A Brief History of Humankind', '9780062316097', 'ACTIVE', 443, '2011-01-01'),
                                                                                               (gen_random_uuid(), NOW(), NOW(), 'The Forty Rules of Love', '9780241972939', 'ACTIVE', 350, '2009-01-01'),
                                                                                               (gen_random_uuid(), NOW(), NOW(), 'I, Robot', '9780553294385', 'ACTIVE', 224, '1950-12-02'),
                                                                                               (gen_random_uuid(), NOW(), NOW(), 'Death on the Nile', '9780062073556', 'ACTIVE', 333, '1937-11-01'),
                                                                                               (gen_random_uuid(), NOW(), NOW(), 'The Hobbit', '9780547928257', 'ACTIVE', 366, '1937-09-21'),
                                                                                               (gen_random_uuid(), NOW(), NOW(), 'Emma', '9780141439587', 'ACTIVE', 474, '1815-12-23'),
                                                                                               (gen_random_uuid(), NOW(), NOW(), 'The Green Mile', '9780671041786', 'ACTIVE', 562, '1996-08-29');

-- book_author tablosuna veri ekleme (kitaplar ve yazarlar arasındaki ilişki)
INSERT INTO book_author (book_id, author_id) VALUES
                                                 ((SELECT id FROM book WHERE isbn = '9780385732957'), (SELECT id FROM author WHERE first_name = 'Isaac')),
                                                 ((SELECT id FROM book WHERE isbn = '9780141439518'), (SELECT id FROM author WHERE first_name = 'Jane')),
                                                 ((SELECT id FROM book WHERE isbn = '9780547928227'), (SELECT id FROM author WHERE first_name = 'J.R.R.')),
                                                 ((SELECT id FROM book WHERE isbn = '9780007192056'), (SELECT id FROM author WHERE first_name = 'Agatha')),
                                                 ((SELECT id FROM book WHERE isbn = '9781128561731'), (SELECT id FROM author WHERE first_name = 'Stephen')),
                                                 ((SELECT id FROM book WHERE isbn = '9780307743657'), (SELECT id FROM author WHERE first_name = 'Stephen')),
                                                 ((SELECT id FROM book WHERE isbn = '9780156907392'), (SELECT id FROM author WHERE first_name = 'Virginia')),
                                                 ((SELECT id FROM book WHERE isbn = '9780451524935'), (SELECT id FROM author WHERE first_name = 'George')),
                                                 ((SELECT id FROM book WHERE isbn = '9780060883287'), (SELECT id FROM author WHERE first_name = 'Gabriel García')),
                                                 ((SELECT id FROM book WHERE isbn = '9780375704024'), (SELECT id FROM author WHERE first_name = 'Haruki')),
                                                 ((SELECT id FROM book WHERE isbn = '9781400033416'), (SELECT id FROM author WHERE first_name = 'Toni')),
                                                 ((SELECT id FROM book WHERE isbn = '9780747532743'), (SELECT id FROM author WHERE first_name = 'J.K.')),
                                                 ((SELECT id FROM book WHERE isbn = '9780684801223'), (SELECT id FROM author WHERE first_name = 'Ernest')),
                                                 ((SELECT id FROM book WHERE isbn = '9781400079988'), (SELECT id FROM author WHERE first_name = 'Leo')),
                                                 ((SELECT id FROM book WHERE isbn = '9780553213690'), (SELECT id FROM author WHERE first_name = 'Franz')),
                                                 ((SELECT id FROM book WHERE isbn = '9780486415871'), (SELECT id FROM author WHERE first_name = 'Fyodor')),
                                                 ((SELECT id FROM book WHERE isbn = '9780486280615'), (SELECT id FROM author WHERE first_name = 'Mark')),
                                                 ((SELECT id FROM book WHERE isbn = '9780141439563'), (SELECT id FROM author WHERE first_name = 'Charles')),
                                                 ((SELECT id FROM book WHERE isbn = '9780679720201'), (SELECT id FROM author WHERE first_name = 'Albert')),
                                                 ((SELECT id FROM book WHERE isbn = '9780375706851'), (SELECT id FROM author WHERE first_name = 'Orhan')),
                                                 ((SELECT id FROM book WHERE isbn = '9780385490818'), (SELECT id FROM author WHERE first_name = 'Margaret')),
                                                 ((SELECT id FROM book WHERE isbn = '9780380789030'), (SELECT id FROM author WHERE first_name = 'Neil')),
                                                 ((SELECT id FROM book WHERE isbn = '9780307474278'), (SELECT id FROM author WHERE first_name = 'Dan')),
                                                 ((SELECT id FROM book WHERE isbn = '9780062316097'), (SELECT id FROM author WHERE first_name = 'Yuval Noah')),
                                                 ((SELECT id FROM book WHERE isbn = '9780241972939'), (SELECT id FROM author WHERE first_name = 'Elif')),
                                                 ((SELECT id FROM book WHERE isbn = '9780553294385'), (SELECT id FROM author WHERE first_name = 'Isaac')),
                                                 ((SELECT id FROM book WHERE isbn = '9780062073556'), (SELECT id FROM author WHERE first_name = 'Agatha')),
                                                 ((SELECT id FROM book WHERE isbn = '9780547928257'), (SELECT id FROM author WHERE first_name = 'J.R.R.')),
                                                 ((SELECT id FROM book WHERE isbn = '9780141439587'), (SELECT id FROM author WHERE first_name = 'Jane')),
                                                 ((SELECT id FROM book WHERE isbn = '9780671041786'), (SELECT id FROM author WHERE first_name = 'Stephen'));

-- book_genre tablosuna veri ekleme (kitaplar ve türler arasındaki ilişki)
INSERT INTO book_genre (book_id, genre_id) VALUES
                                               ((SELECT id FROM book WHERE isbn = '9780385732957'), (SELECT id FROM genre WHERE name = 'Science Fiction')),
                                               ((SELECT id FROM book WHERE isbn = '9780141439518'), (SELECT id FROM genre WHERE name = 'Fiction')),
                                               ((SELECT id FROM book WHERE isbn = '9780141439518'), (SELECT id FROM genre WHERE name = 'Romance')),
                                               ((SELECT id FROM book WHERE isbn = '9780547928227'), (SELECT id FROM genre WHERE name = 'Fiction')),
                                               ((SELECT id FROM book WHERE isbn = '9780547928257'), (SELECT id FROM genre WHERE name = 'Fantasy')),
                                               ((SELECT id FROM book WHERE isbn = '9780007192056'), (SELECT id FROM genre WHERE name = 'Mystery')),
                                               ((SELECT id FROM book WHERE isbn = '9781128561731'), (SELECT id FROM genre WHERE name = 'Fiction')),
                                               ((SELECT id FROM book WHERE isbn = '9781128561731'), (SELECT id FROM genre WHERE name = 'Horror')),
                                               ((SELECT id FROM book WHERE isbn = '9780307743657'), (SELECT id FROM genre WHERE name = 'Fiction')),
                                               ((SELECT id FROM book WHERE isbn = '9780307743657'), (SELECT id FROM genre WHERE name = 'Horror')),
                                               ((SELECT id FROM book WHERE isbn = '9780156907392'), (SELECT id FROM genre WHERE name = 'Fiction')),
                                               ((SELECT id FROM book WHERE isbn = '9780451524935'), (SELECT id FROM genre WHERE name = 'Fiction')),
                                               ((SELECT id FROM book WHERE isbn = '9780451524935'), (SELECT id FROM genre WHERE name = 'Science Fiction')),
                                               ((SELECT id FROM book WHERE isbn = '9780060883287'), (SELECT id FROM genre WHERE name = 'Fiction')),
                                               ((SELECT id FROM book WHERE isbn = '9780375704024'), (SELECT id FROM genre WHERE name = 'Fiction')),
                                               ((SELECT id FROM book WHERE isbn = '9780375704024'), (SELECT id FROM genre WHERE name = 'Romance')),
                                               ((SELECT id FROM book WHERE isbn = '9781400033416'), (SELECT id FROM genre WHERE name = 'Fiction')),
                                               ((SELECT id FROM book WHERE isbn = '9780747532743'), (SELECT id FROM genre WHERE name = 'Fiction')),
                                               ((SELECT id FROM book WHERE isbn = '9780747532743'), (SELECT id FROM genre WHERE name = 'Fantasy')),
                                               ((SELECT id FROM book WHERE isbn = '9780747532743'), (SELECT id FROM genre WHERE name = 'Young Adult')),
                                               ((SELECT id FROM book WHERE isbn = '9780684801223'), (SELECT id FROM genre WHERE name = 'Fiction')),
                                               ((SELECT id FROM book WHERE isbn = '9781400079988'), (SELECT id FROM genre WHERE name = 'Fiction')),
                                               ((SELECT id FROM book WHERE isbn = '9781400079988'), (SELECT id FROM genre WHERE name = 'History')),
                                               ((SELECT id FROM book WHERE isbn = '9780553213690'), (SELECT id FROM genre WHERE name = 'Fiction')),
                                               ((SELECT id FROM book WHERE isbn = '9780486415871'), (SELECT id FROM genre WHERE name = 'Fiction')),
                                               ((SELECT id FROM book WHERE isbn = '9780486280615'), (SELECT id FROM genre WHERE name = 'Fiction')),
                                               ((SELECT id FROM book WHERE isbn = '9780486280615'), (SELECT id FROM genre WHERE name = 'Young Adult')),
                                               ((SELECT id FROM book WHERE isbn = '9780141439563'), (SELECT id FROM genre WHERE name = 'Fiction')),
                                               ((SELECT id FROM book WHERE isbn = '9780679720201'), (SELECT id FROM genre WHERE name = 'Fiction')),
                                               ((SELECT id FROM book WHERE isbn = '9780679720201'), (SELECT id FROM genre WHERE name = 'Philosophy')),
                                               ((SELECT id FROM book WHERE isbn = '9780375706851'), (SELECT id FROM genre WHERE name = 'Fiction')),
                                               ((SELECT id FROM book WHERE isbn = '9780385490818'), (SELECT id FROM genre WHERE name = 'Fiction')),
                                               ((SELECT id FROM book WHERE isbn = '9780385490818'), (SELECT id FROM genre WHERE name = 'Science Fiction')),
                                               ((SELECT id FROM book WHERE isbn = '9780380789030'), (SELECT id FROM genre WHERE name = 'Fiction')),
                                               ((SELECT id FROM book WHERE isbn = '9780380789030'), (SELECT id FROM genre WHERE name = 'Fantasy')),
                                               ((SELECT id FROM book WHERE isbn = '9780307474278'), (SELECT id FROM genre WHERE name = 'Fiction')),
                                               ((SELECT id FROM book WHERE isbn = '9780307474278'), (SELECT id FROM genre WHERE name = 'Thriller')),
                                               ((SELECT id FROM book WHERE isbn = '9780307474278'), (SELECT id FROM genre WHERE name = 'Mystery')),
                                               ((SELECT id FROM book WHERE isbn = '9780062316097'), (SELECT id FROM genre WHERE name = 'History')),
                                               ((SELECT id FROM book WHERE isbn = '9780062316097'), (SELECT id FROM genre WHERE name = 'Science')),
                                               ((SELECT id FROM book WHERE isbn = '9780241972939'), (SELECT id FROM genre WHERE name = 'Fiction')),
                                               ((SELECT id FROM book WHERE isbn = '9780553294385'), (SELECT id FROM genre WHERE name = 'Science Fiction')),
                                               ((SELECT id FROM book WHERE isbn = '9780062073556'), (SELECT id FROM genre WHERE name = 'Mystery')),
                                               ((SELECT id FROM book WHERE isbn = '9780547928227'), (SELECT id FROM genre WHERE name = 'Fantasy')),
                                               ((SELECT id FROM book WHERE isbn = '9780141439587'), (SELECT id FROM genre WHERE name = 'Fiction')),
                                               ((SELECT id FROM book WHERE isbn = '9780141439587'), (SELECT id FROM genre WHERE name = 'Romance')),
                                               ((SELECT id FROM book WHERE isbn = '9780671041786'), (SELECT id FROM genre WHERE name = 'Fiction')),
                                               ((SELECT id FROM book WHERE isbn = '9780671041786'), (SELECT id FROM genre WHERE name = 'Horror'));

-- Kullanıcılar (Users) tablosuna veri ekleme
INSERT INTO users (id, created_at, updated_at, email, password_hash, first_name, last_name, phone_number, address, role, patron_status) VALUES
                                                                                                                                            (gen_random_uuid(), NOW(), NOW(), 'john.doe@example.com', '$2a$12$xxxxxxxxxxxxxxxxxxxxxxxxxx', 'John', 'Doe', '555-123-4567', '123 Main St', 'PATRON', 'ACTIVE'),
                                                                                                                                            (gen_random_uuid(), NOW(), NOW(), 'jane.smith@example.com', '$2a$12$xxxxxxxxxxxxxxxxxxxxxxxxxx', 'Jane', 'Smith', '555-987-6543', '456 Oak Ave', 'LIBRARIAN', 'ACTIVE'),
                                                                                                                                            (gen_random_uuid(), NOW(), NOW(), 'bob.johnson@example.com', '$2a$12$xxxxxxxxxxxxxxxxxxxxxxxxxx', 'Bob', 'Johnson', '555-246-8012', '789 Pine Ln', 'PATRON', 'ACTIVE'),
                                                                                                                                            (gen_random_uuid(), NOW(), NOW(), 'alice.brown@example.com', '$2a$12$xxxxxxxxxxxxxxxxxxxxxxxxxx', 'Alice', 'Brown', '555-135-7911', '101 Elm St', 'PATRON', 'ACTIVE'),
                                                                                                                                            (gen_random_uuid(), NOW(), NOW(), 'admin@example.com', '$2a$12$xxxxxxxxxxxxxxxxxxxxxxxxxx', 'Admin', 'User', '555-111-2234', 'Admin Address', 'LIBRARIAN', 'ACTIVE'),
                                                                                                                                            (gen_random_uuid(), NOW(), NOW(), 'michael.wilson@example.com', '$2a$12$xxxxxxxxxxxxxxxxxxxxxxxxxx', 'Michael', 'Wilson', '555-222-3944', '202 Cedar Dr', 'PATRON', 'ACTIVE'),
                                                                                                                                            (gen_random_uuid(), NOW(), NOW(), 'emily.clark@example.com', '$2a$12$xxxxxxxxxxxxxxxxxxxxxxxxxx', 'Emily', 'Clark', '555-333-4455', '303 Birch Ave', 'PATRON', 'ACTIVE'),
                                                                                                                                            (gen_random_uuid(), NOW(), NOW(), 'david.miller@example.com', '$2a$12$xxxxxxxxxxxxxxxxxxxxxxxxxx', 'David', 'Miller', '555-333-5566', '404 Walnut St', 'PATRON', 'ACTIVE'),
                                                                                                                                            (gen_random_uuid(), NOW(), NOW(), 'sarah.taylor@example.com', '$2a$12$xxxxxxxxxxxxxxxxxxxxxxxxxx', 'Sarah', 'Taylor', '553-555-6677', '505 Maple Rd', 'PATRON', 'ACTIVE'),
                                                                                                                                            (gen_random_uuid(), NOW(), NOW(), 'james.anderson@example.com', '$2a$12$xxxxxxxxxxxxxxxxxxxxxxxxxx', 'James', 'Anderson', '555-666-7788', '606 Spruce Ln', 'PATRON', 'ACTIVE'),
                                                                                                                                            (gen_random_uuid(), NOW(), NOW(), 'jennifer.thomas@example.com', '$2a$12$xxxxxxxxxxxxxxxxxxxxxxxxxx', 'Jennifer', 'Thomas', '555-777-9999', '707 Apple Way', 'PATRON', 'ACTIVE'),
                                                                                                                                            (gen_random_uuid(), NOW(), NOW(), 'robert.jackson@example.com', '$2a$12$xxxxxxxxxxxxxxxxxxxxxxxxxx', 'Robert', 'Jackson', '111-888-9900', '808 Pear Ave', 'PATRON', 'ACTIVE'),
                                                                                                                                            (gen_random_uuid(), NOW(), NOW(), 'linda.white@example.com', '$2a$12$xxxxxxxxxxxxxxxxxxxxxxxxxx', 'Linda', 'White', '555-999-0011', '909 Orange Dr', 'PATRON', 'ACTIVE'),
                                                                                                                                            (gen_random_uuid(), NOW(), NOW(), 'william.harris@example.com', '$2a$12$xxxxxxxxxxxxxxxxxxxxxxxxxx', 'William', 'Harris', '555-000-1122', '1010 Lemon St', 'PATRON', 'ACTIVE'),
                                                                                                                                            (gen_random_uuid(), NOW(), NOW(), 'patricia.martin@example.com', '$2a$12$xxxxxxxxxxxxxxxxxxxxxxxxxx', 'Patricia', 'Martin', '555-111-2233', '1111 Lime Rd', 'PATRON', 'ACTIVE'),
                                                                                                                                            (gen_random_uuid(), NOW(), NOW(), 'richard.thompson@example.com', '$2a$12$xxxxxxxxxxxxxxxxxxxxxxxxxx', 'Richard', 'Thompson', '555-222-3344', '1212 Grape Ln', 'PATRON', 'ACTIVE'),
                                                                                                                                            (gen_random_uuid(), NOW(), NOW(), 'elizabeth.garcia@example.com', '$2a$12$xxxxxxxxxxxxxxxxxxxxxxxxxx', 'Elizabeth', 'Garcia', '555-333-4955', '1313 Cherry Way', 'PATRON', 'ACTIVE'),
                                                                                                                                            (gen_random_uuid(), NOW(), NOW(), 'joseph.martinez@example.com', '$2a$12$xxxxxxxxxxxxxxxxxxxxxxxxxx', 'Joseph', 'Martinez', '555-444-5566', '1414 Blueberry Ave', 'PATRON', 'ACTIVE'),
                                                                                                                                            (gen_random_uuid(), NOW(), NOW(), 'susan.robinson@example.com', '$2a$12$xxxxxxxxxxxxxxxxxxxxxxxxxx', 'Susan', 'Robinson', '555-555-6677', '1515 Raspberry Dr', 'PATRON', 'ACTIVE'),
                                                                                                                                            (gen_random_uuid(), NOW(), NOW(), 'senior.librarian@example.com', '$2a$12$xxxxxxxxxxxxxxxxxxxxxxxxxx', 'Senior', 'Librarian', '551-666-7788', '1616 Library St', 'LIBRARIAN', 'ACTIVE'),
                                                                                                                                            (gen_random_uuid(), NOW(), NOW(), 'assistant.librarian@example.com', '$2a$12$xxxxxxxxxxxxxxxxxxxxxxxxxx', 'Assistant', 'Librarian', '555-777-8899', '1717 Book Rd', 'LIBRARIAN', 'ACTIVE'),
                                                                                                                                            (gen_random_uuid(), NOW(), NOW(), 'head.librarian@example.com', '$2a$12$xxxxxxxxxxxxxxxxxxxxxxxxxx', 'Head', 'Librarian', '555-888-9900', '1818 Archive Ave', 'LIBRARIAN', 'ACTIVE');

-- Kitap Kopyaları (BookCopy) tablosuna veri ekleme
INSERT INTO book_copy (id, created_at, updated_at, barcode, availability_status, book_id) VALUES
                                                                                              (gen_random_uuid(), NOW(), NOW(), '1234567890123', 'AVAILABLE', (SELECT id FROM book WHERE isbn = '9780385732957')),
                                                                                              (gen_random_uuid(), NOW(), NOW(), '1234567890124', 'AVAILABLE', (SELECT id FROM book WHERE isbn = '9780385732957')),
                                                                                              (gen_random_uuid(), NOW(), NOW(), '2345678901234', 'AVAILABLE', (SELECT id FROM book WHERE isbn = '9780141439518')),
                                                                                              (gen_random_uuid(), NOW(), NOW(), '3456789012345', 'AVAILABLE', (SELECT id FROM book WHERE isbn = '9780547928227')),
                                                                                              (gen_random_uuid(), NOW(), NOW(), '3456789012346', 'AVAILABLE', (SELECT id FROM book WHERE isbn = '9780547928257')),
                                                                                              (gen_random_uuid(), NOW(), NOW(), '4567890123456', 'AVAILABLE', (SELECT id FROM book WHERE isbn = '9780007192056')),
                                                                                              (gen_random_uuid(), NOW(), NOW(), '5678901234567', 'AVAILABLE', (SELECT id FROM book WHERE isbn = '9781128561731')),
                                                                                              (gen_random_uuid(), NOW(), NOW(), '6789012345678', 'AVAILABLE', (SELECT id FROM book WHERE isbn = '9780307743657')),
                                                                                              (gen_random_uuid(), NOW(), NOW(), '7890123456789', 'AVAILABLE', (SELECT id FROM book WHERE isbn = '9780156907392')),
                                                                                              (gen_random_uuid(), NOW(), NOW(), '8901234567890', 'AVAILABLE', (SELECT id FROM book WHERE isbn = '9780451524935')),
                                                                                              (gen_random_uuid(), NOW(), NOW(), '9012345678901', 'AVAILABLE', (SELECT id FROM book WHERE isbn = '9780060883287')),
                                                                                              (gen_random_uuid(), NOW(), NOW(), '0123456789012', 'AVAILABLE', (SELECT id FROM book WHERE isbn = '9780375704024')),
                                                                                              (gen_random_uuid(), NOW(), NOW(), '1122334455667', 'AVAILABLE', (SELECT id FROM book WHERE isbn = '9781400033416')),
                                                                                              (gen_random_uuid(), NOW(), NOW(), '2233445566778', 'CHECKED_OUT', (SELECT id FROM book WHERE isbn = '9780747532743')),
                                                                                              (gen_random_uuid(), NOW(), NOW(), '3344556677889', 'AVAILABLE', (SELECT id FROM book WHERE isbn = '9780684801223')),
                                                                                              (gen_random_uuid(), NOW(), NOW(), '4455667788990', 'AVAILABLE', (SELECT id FROM book WHERE isbn = '9781400079988')),
                                                                                              (gen_random_uuid(), NOW(), NOW(), '5566778899001', 'AVAILABLE', (SELECT id FROM book WHERE isbn = '9780553213690')),
                                                                                              (gen_random_uuid(), NOW(), NOW(), '6677889900112', 'AVAILABLE', (SELECT id FROM book WHERE isbn = '9780486415871')),
                                                                                              (gen_random_uuid(), NOW(), NOW(), '7788990011223', 'CHECKED_OUT', (SELECT id FROM book WHERE isbn = '9780486280615')),
                                                                                              (gen_random_uuid(), NOW(), NOW(), '8899001122334', 'AVAILABLE', (SELECT id FROM book WHERE isbn = '9780141439563')),
                                                                                              (gen_random_uuid(), NOW(), NOW(), '9900112233445', 'CHECKED_OUT', (SELECT id FROM book WHERE isbn = '9780679720201')),
                                                                                              (gen_random_uuid(), NOW(), NOW(), '0011223344556', 'AVAILABLE', (SELECT id FROM book WHERE isbn = '9780375706851')),
                                                                                              (gen_random_uuid(), NOW(), NOW(), '1122334455668', 'AVAILABLE', (SELECT id FROM book WHERE isbn = '9780385490818')),
                                                                                              (gen_random_uuid(), NOW(), NOW(), '2233445566779', 'AVAILABLE', (SELECT id FROM book WHERE isbn = '9780380789030')),
                                                                                              (gen_random_uuid(), NOW(), NOW(), '3344556677880', 'CHECKED_OUT', (SELECT id FROM book WHERE isbn = '9780307474278')),
                                                                                              (gen_random_uuid(), NOW(), NOW(), '4455667788991', 'AVAILABLE', (SELECT id FROM book WHERE isbn = '9780062316097')),
                                                                                              (gen_random_uuid(), NOW(), NOW(), '5566778899002', 'AVAILABLE', (SELECT id FROM book WHERE isbn = '9780241972939')),
                                                                                              (gen_random_uuid(), NOW(), NOW(), '6677889900113', 'CHECKED_OUT', (SELECT id FROM book WHERE isbn = '9780553294385')),
                                                                                              (gen_random_uuid(), NOW(), NOW(), '7788990011224', 'AVAILABLE', (SELECT id FROM book WHERE isbn = '9780062073556')),
                                                                                              (gen_random_uuid(), NOW(), NOW(), '8899001122335', 'AVAILABLE', (SELECT id FROM book WHERE isbn = '9780547928227')),
                                                                                              (gen_random_uuid(), NOW(), NOW(), '9900112233446', 'AVAILABLE', (SELECT id FROM book WHERE isbn = '9780141439587')),
                                                                                              (gen_random_uuid(), NOW(), NOW(), '0011223344557', 'CHECKED_OUT', (SELECT id FROM book WHERE isbn = '9780671041786')),

                                                                                              -- Çoklu kopya eklemeleri
                                                                                              (gen_random_uuid(), NOW(), NOW(), '1234567890125', 'AVAILABLE', (SELECT id FROM book WHERE isbn = '9780385732957')),
                                                                                              (gen_random_uuid(), NOW(), NOW(), '2345678901235', 'AVAILABLE', (SELECT id FROM book WHERE isbn = '9780141439518')),
                                                                                              (gen_random_uuid(), NOW(), NOW(), '3456789012347', 'AVAILABLE', (SELECT id FROM book WHERE isbn = '9780547928227'));





INSERT INTO wait_list (
    id, created_at, updated_at,
    user_id, book_id, start_date, end_date, status
) VALUES
      -- 1–10: WAITING (end_date NULL)
      (gen_random_uuid(), NOW(), NOW(),
       (SELECT id FROM users WHERE email = 'john.doe@example.com'),
       (SELECT id FROM book  WHERE isbn  = '9780385732957'),
       NOW() - INTERVAL '2 days',  NULL,                   'WAITING'
      ),
      (gen_random_uuid(), NOW(), NOW(),
       (SELECT id FROM users WHERE email = 'jane.smith@example.com'),
       (SELECT id FROM book  WHERE isbn  = '9780141439518'),
       NOW() - INTERVAL '4 days',  NULL,                   'WAITING'
      ),
      (gen_random_uuid(), NOW(), NOW(),
       (SELECT id FROM users WHERE email = 'bob.johnson@example.com'),
       (SELECT id FROM book  WHERE isbn  = '9780547928227'),
       NOW() - INTERVAL '6 days',  NULL,                   'WAITING'
      ),
      (gen_random_uuid(), NOW(), NOW(),
       (SELECT id FROM users WHERE email = 'alice.brown@example.com'),
       (SELECT id FROM book  WHERE isbn  = '9780007192056'),
       NOW() - INTERVAL '8 days',  NULL,                   'WAITING'
      ),
      (gen_random_uuid(), NOW(), NOW(),
       (SELECT id FROM users WHERE email = 'admin@example.com'),
       (SELECT id FROM book  WHERE isbn  = '9781128561731'),
       NOW() - INTERVAL '10 days', NULL,                   'WAITING'
      ),
      (gen_random_uuid(), NOW(), NOW(),
       (SELECT id FROM users WHERE email = 'michael.wilson@example.com'),
       (SELECT id FROM book  WHERE isbn  = '9780307743657'),
       NOW() - INTERVAL '12 days', NULL,                   'WAITING'
      ),
      (gen_random_uuid(), NOW(), NOW(),
       (SELECT id FROM users WHERE email = 'emily.clark@example.com'),
       (SELECT id FROM book  WHERE isbn  = '9780156907392'),
       NOW() - INTERVAL '14 days', NULL,                   'WAITING'
      ),
      (gen_random_uuid(), NOW(), NOW(),
       (SELECT id FROM users WHERE email = 'david.miller@example.com'),
       (SELECT id FROM book  WHERE isbn  = '9780451524935'),
       NOW() - INTERVAL '16 days', NULL,                   'WAITING'
      ),
      (gen_random_uuid(), NOW(), NOW(),
       (SELECT id FROM users WHERE email = 'sarah.taylor@example.com'),
       (SELECT id FROM book  WHERE isbn  = '9780060883287'),
       NOW() - INTERVAL '18 days', NULL,                   'WAITING'
      ),
      (gen_random_uuid(), NOW(), NOW(),
       (SELECT id FROM users WHERE email = 'james.anderson@example.com'),
       (SELECT id FROM book  WHERE isbn  = '9780375704024'),
       NOW() - INTERVAL '20 days', NULL,                   'WAITING'
      ),

      -- 11–20: COMPLETED
      (gen_random_uuid(), NOW(), NOW(),
       (SELECT id FROM users WHERE email = 'jennifer.thomas@example.com'),
       (SELECT id FROM book  WHERE isbn  = '9781400033416'),
       NOW() - INTERVAL '22 days', NOW() - INTERVAL '17 days', 'COMPLETED'
      ),
      (gen_random_uuid(), NOW(), NOW(),
       (SELECT id FROM users WHERE email = 'robert.jackson@example.com'),
       (SELECT id FROM book  WHERE isbn  = '9780747532743'),
       NOW() - INTERVAL '24 days', NOW() - INTERVAL '19 days', 'COMPLETED'
      ),
      (gen_random_uuid(), NOW(), NOW(),
       (SELECT id FROM users WHERE email = 'linda.white@example.com'),
       (SELECT id FROM book  WHERE isbn  = '9780684801223'),
       NOW() - INTERVAL '26 days', NOW() - INTERVAL '21 days', 'COMPLETED'
      ),
      (gen_random_uuid(), NOW(), NOW(),
       (SELECT id FROM users WHERE email = 'william.harris@example.com'),
       (SELECT id FROM book  WHERE isbn  = '9781400079988'),
       NOW() - INTERVAL '28 days', NOW() - INTERVAL '23 days', 'COMPLETED'
      ),
      (gen_random_uuid(), NOW(), NOW(),
       (SELECT id FROM users WHERE email = 'patricia.martin@example.com'),
       (SELECT id FROM book  WHERE isbn  = '9780553213690'),
       NOW() - INTERVAL '30 days', NOW() - INTERVAL '25 days', 'COMPLETED'
      ),
      (gen_random_uuid(), NOW(), NOW(),
       (SELECT id FROM users WHERE email = 'richard.thompson@example.com'),
       (SELECT id FROM book  WHERE isbn  = '9780486415871'),
       NOW() - INTERVAL '32 days', NOW() - INTERVAL '27 days', 'COMPLETED'
      ),
      (gen_random_uuid(), NOW(), NOW(),
       (SELECT id FROM users WHERE email = 'elizabeth.garcia@example.com'),
       (SELECT id FROM book  WHERE isbn  = '9780486280615'),
       NOW() - INTERVAL '34 days', NOW() - INTERVAL '29 days', 'COMPLETED'
      ),
      (gen_random_uuid(), NOW(), NOW(),
       (SELECT id FROM users WHERE email = 'joseph.martinez@example.com'),
       (SELECT id FROM book  WHERE isbn  = '9780141439563'),
       NOW() - INTERVAL '36 days', NOW() - INTERVAL '31 days', 'COMPLETED'
      ),
      (gen_random_uuid(), NOW(), NOW(),
       (SELECT id FROM users WHERE email = 'susan.robinson@example.com'),
       (SELECT id FROM book  WHERE isbn  = '9780679720201'),
       NOW() - INTERVAL '38 days', NOW() - INTERVAL '33 days', 'COMPLETED'
      ),
      (gen_random_uuid(), NOW(), NOW(),
       (SELECT id FROM users WHERE email = 'senior.librarian@example.com'),
       (SELECT id FROM book  WHERE isbn  = '9780375706851'),
       NOW() - INTERVAL '40 days', NOW() - INTERVAL '35 days', 'COMPLETED'
      );




-- --------------------------------------------------
-- 2) 20 örnek kayıt: borrowing
-- --------------------------------------------------
INSERT INTO borrowing (
    id, created_at, updated_at,
    book_copy_id, user_id, borrowed_by_staff_id,
    borrow_date, due_date, return_date, status
) VALUES
      -- 1–10: RETURNED
      (gen_random_uuid(), NOW(), NOW(),
       (SELECT id FROM book_copy WHERE barcode = '1234567890123'),
       (SELECT id FROM users     WHERE email   = 'john.doe@example.com'),
       (SELECT id FROM users     WHERE email   = 'jane.smith@example.com'),
       NOW() - INTERVAL '20 days',
       NOW() - INTERVAL '6 days',
       NOW() - INTERVAL '13 days',
       'RETURNED'
      ),
      (gen_random_uuid(), NOW(), NOW(),
       (SELECT id FROM book_copy WHERE barcode = '1234567890124'),
       (SELECT id FROM users     WHERE email   = 'bob.johnson@example.com'),
       (SELECT id FROM users     WHERE email   = 'admin@example.com'),
       NOW() - INTERVAL '18 days',
       NOW() - INTERVAL '4 days',
       NOW() - INTERVAL '11 days',
       'RETURNED'
      ),
      (gen_random_uuid(), NOW(), NOW(),
       (SELECT id FROM book_copy WHERE barcode = '2345678901234'),
       (SELECT id FROM users     WHERE email   = 'alice.brown@example.com'),
       (SELECT id FROM users     WHERE email   = 'senior.librarian@example.com'),
       NOW() - INTERVAL '16 days',
       NOW() - INTERVAL '2 days',
       NOW() - INTERVAL '9 days',
       'RETURNED'
      ),
      (gen_random_uuid(), NOW(), NOW(),
       (SELECT id FROM book_copy WHERE barcode = '3456789012345'),
       (SELECT id FROM users     WHERE email   = 'michael.wilson@example.com'),
       (SELECT id FROM users     WHERE email   = 'assistant.librarian@example.com'),
       NOW() - INTERVAL '14 days',
       NOW() /* today */,
       NOW() - INTERVAL '7 days',
       'RETURNED'
      ),
      (gen_random_uuid(), NOW(), NOW(),
       (SELECT id FROM book_copy WHERE barcode = '3456789012346'),
       (SELECT id FROM users     WHERE email   = 'emily.clark@example.com'),
       (SELECT id FROM users     WHERE email   = 'head.librarian@example.com'),
       NOW() - INTERVAL '12 days',
       NOW() + INTERVAL '2 days',
       NOW() - INTERVAL '5 days',
       'RETURNED'
      ),
      (gen_random_uuid(), NOW(), NOW(),
       (SELECT id FROM book_copy WHERE barcode = '4567890123456'),
       (SELECT id FROM users     WHERE email   = 'david.miller@example.com'),
       (SELECT id FROM users     WHERE email   = 'jane.smith@example.com'),
       NOW() - INTERVAL '10 days',
       NOW() + INTERVAL '4 days',
       NOW() - INTERVAL '3 days',
       'RETURNED'
      ),
      (gen_random_uuid(), NOW(), NOW(),
       (SELECT id FROM book_copy WHERE barcode = '5678901234567'),
       (SELECT id FROM users     WHERE email   = 'sarah.taylor@example.com'),
       (SELECT id FROM users     WHERE email   = 'admin@example.com'),
       NOW() - INTERVAL '8 days',
       NOW() + INTERVAL '6 days',
       NOW() - INTERVAL '1 days',
       'RETURNED'
      ),
      (gen_random_uuid(), NOW(), NOW(),
       (SELECT id FROM book_copy WHERE barcode = '6789012345678'),
       (SELECT id FROM users     WHERE email   = 'james.anderson@example.com'),
       (SELECT id FROM users     WHERE email   = 'senior.librarian@example.com'),
       NOW() - INTERVAL '6 days',
       NOW() + INTERVAL '8 days',
       NOW() - INTERVAL '1 days',
       'RETURNED'
      ),
      (gen_random_uuid(), NOW(), NOW(),
       (SELECT id FROM book_copy WHERE barcode = '7890123456789'),
       (SELECT id FROM users     WHERE email   = 'jennifer.thomas@example.com'),
       (SELECT id FROM users     WHERE email   = 'assistant.librarian@example.com'),
       NOW() - INTERVAL '4 days',
       NOW() + INTERVAL '10 days',
       NOW() - INTERVAL '1 days',
       'RETURNED'
      ),
      (gen_random_uuid(), NOW(), NOW(),
       (SELECT id FROM book_copy WHERE barcode = '8901234567890'),
       (SELECT id FROM users     WHERE email   = 'robert.jackson@example.com'),
       (SELECT id FROM users     WHERE email   = 'head.librarian@example.com'),
       NOW() - INTERVAL '2 days',
       NOW() + INTERVAL '12 days',
       NOW() - INTERVAL '1 days',
       'RETURNED'
      ),

      -- 11–20: BORROWED (return_date NULL)
      (gen_random_uuid(), NOW(), NOW(),
       (SELECT id FROM book_copy WHERE barcode = '9012345678901'),
       (SELECT id FROM users     WHERE email   = 'linda.white@example.com'),
       (SELECT id FROM users     WHERE email   = 'jane.smith@example.com'),
       NOW() - INTERVAL '0 days',
       NOW() + INTERVAL '14 days',
       NULL,
       'BORROWED'
      ),
      (gen_random_uuid(), NOW(), NOW(),
       (SELECT id FROM book_copy WHERE barcode = '0123456789012'),
       (SELECT id FROM users     WHERE email   = 'william.harris@example.com'),
       (SELECT id FROM users     WHERE email   = 'admin@example.com'),
       NOW() - INTERVAL '1 days',
       NOW() + INTERVAL '13 days',
       NULL,
       'BORROWED'
      ),
      (gen_random_uuid(), NOW(), NOW(),
       (SELECT id FROM book_copy WHERE barcode = '1122334455667'),
       (SELECT id FROM users     WHERE email   = 'patricia.martin@example.com'),
       (SELECT id FROM users     WHERE email   = 'senior.librarian@example.com'),
       NOW() - INTERVAL '2 days',
       NOW() + INTERVAL '12 days',
       NULL,
       'BORROWED'
      ),
      (gen_random_uuid(), NOW(), NOW(),
       (SELECT id FROM book_copy WHERE barcode = '2233445566778'),
       (SELECT id FROM users     WHERE email   = 'richard.thompson@example.com'),
       (SELECT id FROM users     WHERE email   = 'assistant.librarian@example.com'),
       NOW() - INTERVAL '3 days',
       NOW() + INTERVAL '11 days',
       NULL,
       'BORROWED'
      ),
      (gen_random_uuid(), NOW(), NOW(),
       (SELECT id FROM book_copy WHERE barcode = '3344556677889'),
       (SELECT id FROM users     WHERE email   = 'elizabeth.garcia@example.com'),
       (SELECT id FROM users     WHERE email   = 'head.librarian@example.com'),
       NOW() - INTERVAL '4 days',
       NOW() + INTERVAL '10 days',
       NULL,
       'BORROWED'
      ),
      (gen_random_uuid(), NOW(), NOW(),
       (SELECT id FROM book_copy WHERE barcode = '4455667788990'),
       (SELECT id FROM users     WHERE email   = 'joseph.martinez@example.com'),
       (SELECT id FROM users     WHERE email   = 'jane.smith@example.com'),
       NOW() - INTERVAL '5 days',
       NOW() + INTERVAL '9 days',
       NULL,
       'BORROWED'
      ),
      (gen_random_uuid(), NOW(), NOW(),
       (SELECT id FROM book_copy WHERE barcode = '5566778899001'),
       (SELECT id FROM users     WHERE email   = 'susan.robinson@example.com'),
       (SELECT id FROM users     WHERE email   = 'admin@example.com'),
       NOW() - INTERVAL '6 days',
       NOW() + INTERVAL '8 days',
       NULL,
       'BORROWED'
      ),
      (gen_random_uuid(), NOW(), NOW(),
       (SELECT id FROM book_copy WHERE barcode = '6677889900112'),
       (SELECT id FROM users     WHERE email   = 'senior.librarian@example.com'),
       (SELECT id FROM users     WHERE email   = 'assistant.librarian@example.com'),
       NOW() - INTERVAL '7 days',
       NOW() + INTERVAL '7 days',
       NULL,
       'BORROWED'
      ),
      (gen_random_uuid(), NOW(), NOW(),
       (SELECT id FROM book_copy WHERE barcode = '7788990011223'),
       (SELECT id FROM users     WHERE email   = 'assistant.librarian@example.com'),
       (SELECT id FROM users     WHERE email   = 'head.librarian@example.com'),
       NOW() - INTERVAL '8 days',
       NOW() + INTERVAL '6 days',
       NULL,
       'BORROWED'
      ),
      (gen_random_uuid(), NOW(), NOW(),
       (SELECT id FROM book_copy WHERE barcode = '8899001122334'),
       (SELECT id FROM users     WHERE email   = 'head.librarian@example.com'),
       (SELECT id FROM users     WHERE email   = 'jane.smith@example.com'),
       NOW() - INTERVAL '9 days',
       NOW() + INTERVAL '5 days',
       NULL,
       'BORROWED'
      )
;


